admission_type,Deceased,Recovered,Referred
Emergency,0.09448818897637795,0.7480314960629921,0.15748031496062992
Planned,0.08739837398373984,0.7601626016260162,0.1524390243902439
