,age,length_of_stay,treatment_cost
age,1.0,-0.03792409934691877,-0.02452883519344053
length_of_stay,-0.03792409934691877,1.0,-0.06266145258135256
treatment_cost,-0.02452883519344053,-0.06266145258135256,1.0
